date,y
9/5/96,10.74
9/6/96,10.75
9/9/96,10.83
9/10/96,10.95
9/11/96,11.1
9/12/96,11.24
9/13/1996,11.25
9/16/1996,11.37
9/17/1996,11.35
9/18/1996,11.29
9/19/1996,11.25
9/20/1996,11.18
9/23/1996,11.06
9/24/1996,11.22
9/25/1996,11.48
9/26/1996,11.58
9/27/1996,11.58
9/30/1996,11.63
10/1/96,11.66
10/2/96,11.98
10/3/96,11.81
10/4/96,11.84
10/7/96,12.01
10/8/96,11.9
10/9/96,11.7
10/10/96,11.69
10/11/96,11.7
10/14/1996,11.65
10/15/1996,11.68
10/16/1996,11.55
10/17/1996,11.45
10/18/1996,11.37
10/21/1996,11.48
10/22/1996,11.52
10/23/1996,11.5
10/24/1996,11.94
10/25/1996,11.76
10/28/1996,11.88
10/29/1996,11.87
10/30/1996,11.84
10/31/1996,11.85
11/1/96,11.77
11/4/96,11.88
11/5/96,11.8
11/6/96,11.84
11/7/96,11.8
11/8/96,11.86
11/11/96,11.87
11/12/96,11.74
11/13/1996,11.7
11/14/1996,11.63
11/15/1996,11.8
11/18/1996,11.74
11/19/1996,11.72
11/20/1996,11.76
11/21/1996,11.86
11/22/1996,11.82
11/25/1996,11.94
11/26/1996,11.96
11/27/1996,11.92
11/28/1996,11.89
11/29/1996,11.98
12/2/96,11.87
12/3/96,12.1
12/4/96,12
12/5/96,12.12
12/6/96,11.82
12/9/96,11.96
12/10/96,12.13
12/11/96,12.16
12/12/96,12
12/13/1996,11.91
12/16/1996,11.93
12/17/1996,11.86
12/18/1996,11.82
12/19/1996,11.85
12/20/1996,12.04
12/23/1996,12.04
12/24/1996,12.01
12/25/1996,12.01
12/26/1996,12.01
12/27/1996,12.02
12/30/1996,12.03
12/31/1996,12.04
1/1/97,12.04
1/2/97,11.99
1/3/97,11.98
1/6/97,12.06
1/7/97,12.08
1/8/97,12.2
1/9/97,12.16
1/10/97,12.14
1/13/1997,12.14
1/14/1997,12.13
1/15/1997,12.3
1/16/1997,12.4
1/17/1997,12.56
1/20/1997,12.68
1/21/1997,12.77
1/22/1997,12.64
1/23/1997,12.71
1/24/1997,12.67
1/27/1997,12.67
1/28/1997,12.54
1/29/1997,12.55
1/30/1997,12.74
1/31/1997,12.75
2/3/97,12.95
2/4/97,12.9
2/5/97,13.11
2/6/97,13.35
2/7/97,13.46
2/10/97,13.58
2/11/97,13.41
2/12/97,13.911
2/13/1997,13.93
2/14/1997,13.9
2/17/1997,13.37
2/18/1997,13.62
2/19/1997,13.55
2/20/1997,13.33
2/21/1997,13.1
2/24/1997,13.28
2/25/1997,13.4
2/26/1997,13.19
2/27/1997,13.02
2/28/1997,12.82
3/3/97,12.58
3/4/97,12.63
3/5/97,12.727
3/6/97,12.95
3/7/97,13.06
3/10/97,13.24
3/11/97,13.2
3/12/97,12.939
3/13/1997,12.85
3/14/1997,12.5
3/17/1997,12.52
3/18/1997,12.44
3/19/1997,12.34
3/20/1997,12.48
3/21/1997,12.46
3/24/1997,12.78
3/25/1997,12.7
3/26/1997,12.691
3/27/1997,12.75
3/28/1997,12.75
3/31/1997,12.75
4/1/97,12.49
4/2/97,12.39
4/3/97,12.5
4/4/97,12.5
4/7/97,12.53
4/8/97,12.7
4/9/97,12.98
4/10/97,13.04
4/11/97,13
4/14/1997,13.067
4/15/1997,13.25
4/16/1997,13.29
4/17/1997,13.26
4/18/1997,13.5
4/21/1997,13.55
4/22/1997,13.56
4/23/1997,13.69
4/24/1997,13.72
4/25/1997,13.72
4/28/1997,13.73
4/29/1997,13.89
4/30/1997,13.93
5/1/97,14
5/2/97,13.98
5/5/97,13.99
5/6/97,14.114
5/7/97,14.2
5/8/97,14.12
5/9/97,14.4
5/12/97,14.36
5/13/1997,14.55
5/14/1997,14.78
5/15/1997,14.65
5/16/1997,14.12
5/19/1997,13.759
5/20/1997,13.75
5/21/1997,13.83
5/22/1997,14.09
5/23/1997,14.13
5/26/1997,14.13
5/27/1997,14.25
5/28/1997,14.5
5/29/1997,14.38
5/30/1997,14.115
6/2/97,13.96
6/3/97,13.96
6/4/97,14.27
6/5/97,14.3
6/6/97,14.21
6/9/97,14.21
6/10/97,14.5
6/11/97,14.3
6/12/97,14.45
6/13/1997,14.539
6/16/1997,15
6/17/1997,15.19
6/18/1997,15.05
6/19/1997,15.2
6/20/1997,15.38
6/23/1997,15.48
6/24/1997,15.41
6/25/1997,15.51
6/26/1997,15.63
6/27/1997,15.74
6/30/1997,16
7/1/97,15.84
7/2/97,16.01
7/3/97,16.02
7/4/97,16.06
7/7/97,15.972
7/8/97,15.743
7/9/97,16.03
7/10/97,16.26
7/11/97,16.36
7/14/1997,16.27
7/15/1997,16.16
7/16/1997,16.33
7/17/1997,16.475
7/18/1997,16.246
7/21/1997,16.22
7/22/1997,16.42
7/23/1997,16.92
7/24/1997,16.72
7/25/1997,16.47
7/28/1997,16.484
7/29/1997,16.68
7/30/1997,16.69
7/31/1997,16.65
8/1/97,16.65
8/4/97,16.53
8/5/97,16.42
8/6/97,16.45
8/7/97,16.57
8/8/97,16.82
8/11/97,16.65
8/12/97,16.37
8/13/1997,16.28
8/14/1997,16.48
8/15/1997,16.594
8/18/1997,15.84
8/19/1997,15.812
8/20/1997,15.62
8/21/1997,15.56
8/22/1997,15.39
8/25/1997,15.33
8/26/1997,15.21
8/27/1997,15.27
8/28/1997,15.25
8/29/1997,15.04
9/1/97,14.85
9/2/97,14.7
9/3/97,15.24
9/4/97,15.34
9/5/97,15.38
9/8/97,15.6
9/9/97,15.85
9/10/97,15.83
9/11/97,15.909
9/12/97,15.83
9/15/1997,15.97
9/16/1997,16.02
9/17/1997,16.21
9/18/1997,16.62
9/19/1997,16.942
9/22/1997,17.28
9/23/1997,17.28
9/24/1997,17.2
9/25/1997,17.22
9/26/1997,17.073
9/29/1997,17.11
9/30/1997,17.04
10/1/97,16.97
10/2/97,17.07
10/3/97,17.25
10/6/97,17.26
10/7/97,17.36
10/8/97,17.505
10/9/97,17.3
10/10/97,16.903
10/13/1997,16.66
10/14/1997,16.75
10/15/1997,16.8
10/16/1997,16.77
10/17/1997,16.79
10/20/1997,16.66
10/21/1997,16.6
10/22/1997,16.83
10/23/1997,16.436
10/24/1997,15.839
10/27/1997,15.45
10/28/1997,14.9
10/29/1997,16.05
10/30/1997,16.07
10/31/1997,16.35
11/3/97,17.15
11/4/97,17.5
11/5/97,17.376
11/6/97,17.693
11/7/97,17.1
11/10/97,16.92
11/11/97,17.1
11/12/97,17.07
11/13/1997,17.2
11/14/1997,17.05
11/17/1997,17.166
11/18/1997,16.9
11/19/1997,16.55
11/20/1997,16.7
11/21/1997,17.255
11/24/1997,17.47
11/25/1997,17.3
11/26/1997,17.55
11/27/1997,17.51
11/28/1997,17.351
12/1/97,17.42
12/2/97,17.18
12/3/97,17.1
12/4/97,17
12/5/97,17.15
12/8/97,17.3
12/9/97,17.18
12/10/97,17.1
12/11/97,16.85
12/12/97,16.7
12/15/1997,16.9
12/16/1997,16.99
12/17/1997,17.25
12/18/1997,17.38
12/19/1997,17.33
12/22/1997,17.27
12/23/1997,17.49
12/24/1997,17.408
12/25/1997,17.408
12/26/1997,17.408
12/29/1997,17.49
12/30/1997,17.6
12/31/1997,17.6
1/1/98,17.6
1/2/98,17.494
1/5/98,17.9
1/6/98,18.25
1/7/98,18.246
1/8/98,18.45
1/9/98,18.21
1/12/98,17.71
1/13/1998,17.75
1/14/1998,18.04
1/15/1998,17.86
1/16/1998,18.2
1/19/1998,18.7
1/20/1998,18.48
1/21/1998,18.5
1/22/1998,18.5
1/23/1998,18.52
1/26/1998,18.52
1/27/1998,18.293
1/28/1998,18.21
1/29/1998,18.268
1/30/1998,18.25
2/2/98,18.28
2/3/98,18.07
2/4/98,18
2/5/98,18
2/6/98,17.8
2/9/98,17.7
2/10/98,17.834
2/11/98,18.09
2/12/98,18.28
2/13/1998,18.26
2/16/1998,17.584
2/17/1998,17.65
2/18/1998,17.84
2/19/1998,17.75
2/20/1998,17.506
2/23/1998,17.552
2/24/1998,17.734
2/25/1998,17.74
2/26/1998,18.111
2/27/1998,18.25
3/2/98,18.1
3/3/98,17.9
3/4/98,17.9
3/5/98,17.6
3/6/98,17.57
3/9/98,17.9
3/10/98,17.93
3/11/98,17.98
3/12/98,17.8
3/13/1998,17.8
3/16/1998,17.75
3/17/1998,18.044
3/18/1998,18.16
3/19/1998,18.37
3/20/1998,18.29
3/23/1998,18.2
3/24/1998,18.4
3/25/1998,18.401
3/26/1998,18.32
3/27/1998,18.07
3/30/1998,17.929
3/31/1998,17.963
4/1/98,18.03
4/2/98,17.9
4/3/98,18.02
4/6/98,18.36
4/7/98,18.5
4/8/98,18.82
4/9/98,18.8
4/10/98,18.8
4/13/1998,18.8
4/14/1998,19.15
4/15/1998,19.49
4/16/1998,19.45
4/17/1998,19.22
4/20/1998,19.346
4/21/1998,19.12
4/22/1998,18.9
4/23/1998,18.93
4/24/1998,18.73
4/27/1998,18.672
4/28/1998,18.48
4/29/1998,18.18
4/30/1998,18.41
5/1/98,18.98
5/4/98,19
5/5/98,18.994
5/6/98,18.926
5/7/98,18.88
5/8/98,18.95
5/11/98,19.01
5/12/98,19
5/13/1998,18.93
5/14/1998,18.93
5/15/1998,19.1
5/18/1998,18.7
5/19/1998,19.053
5/20/1998,19.05
5/21/1998,18.903
5/22/1998,18.83
5/25/1998,18.8
5/26/1998,18.9
5/27/1998,18.51
5/28/1998,18.8
5/29/1998,18.8
6/1/98,18.68
6/2/98,18.55
6/3/98,18.492
6/4/98,18.595
6/5/98,18.32
6/8/98,18.32
6/9/98,18
6/10/98,17.73
6/11/98,17.4
6/12/98,17.45
6/15/1998,17.508
6/16/1998,17.55
6/17/1998,17.58
6/18/1998,18.04
6/19/1998,18.08
6/22/1998,18.1
6/23/1998,18.18
6/24/1998,18.004
6/25/1998,18.03
6/26/1998,18.35
6/29/1998,18.43
6/30/1998,18.84
7/1/98,19.04
7/2/98,19.46
7/3/98,19.36
7/6/98,19.34
7/7/98,19.691
7/8/98,19.97
7/9/98,20.13
7/10/98,19.85
7/13/1998,19.86
7/14/1998,20.04
7/15/1998,20.1
7/16/1998,20.38
7/17/1998,20.35
7/20/1998,20.08
7/21/1998,20.05
7/22/1998,19.9
7/23/1998,19.97
7/24/1998,20.14
7/27/1998,19.91
7/28/1998,19.95
7/29/1998,19.96
7/30/1998,20.428
7/31/1998,20.55
8/3/98,20.32
8/4/98,20.45
8/5/98,20.22
8/6/98,19.95
8/7/98,19.91
8/10/98,19.8
8/11/98,19.549
8/12/98,19.6
8/13/1998,19.7
8/14/1998,19.956
8/17/1998,19.4
8/18/1998,19.41
8/19/1998,19.84
8/20/1998,19.892
8/21/1998,19.788
8/24/1998,19.27
8/25/1998,19.36
8/26/1998,19.25
8/27/1998,19.05
8/28/1998,18.903
8/31/1998,18.655
9/1/98,18.73
9/2/98,19.33
9/3/98,19.25
9/4/98,19.334
9/7/98,19.95
9/8/98,19.9
9/9/98,19.78
9/10/98,19.8
9/11/98,19.029
9/14/1998,19.236
9/15/1998,19.7
9/16/1998,19.617
9/17/1998,19.602
9/18/1998,19.4
9/21/1998,19.55
9/22/1998,19.95
9/23/1998,19.99
9/24/1998,20.18
9/25/1998,19.65
9/28/1998,19.89
9/29/1998,20.13
9/30/1998,19.969
10/1/98,19.5
10/2/98,18.918
10/5/98,18.495
10/6/98,18.52
10/7/98,19.3
10/8/98,19
10/9/98,18.65
10/12/98,18.81
10/13/1998,18.65
10/14/1998,18.5
10/15/1998,18.55
10/16/1998,18.995
10/19/1998,19.25
10/20/1998,19.18
10/21/1998,18.96
10/22/1998,19.13
10/23/1998,19
10/26/1998,19.3
10/27/1998,19.439
10/28/1998,19.53
10/29/1998,19.48
10/30/1998,19.89
11/2/98,20.149
11/3/98,20.05
11/4/98,20
11/5/98,19.9
11/6/98,20.28
11/9/98,20.25
11/10/98,19.99
11/11/98,20.459
11/12/98,20.33
11/13/1998,20.26
11/16/1998,20.15
11/17/1998,20.23
11/18/1998,20.15
11/19/1998,20.224
11/20/1998,20.6
11/23/1998,21.259
11/24/1998,21.49
11/25/1998,21.49
11/26/1998,21.69
11/27/1998,21.85
11/30/1998,21.95
12/1/98,21.862
12/2/98,22.229
12/3/98,21.776
12/4/98,22.168
12/7/98,22.58
12/8/98,22.76
12/9/98,22.495
12/10/98,22.85
12/11/98,22.98
12/14/1998,22.2
12/15/1998,22.15
12/16/1998,22
12/17/1998,22.24
12/18/1998,22.114
12/21/1998,22.2
12/22/1998,22.291
12/23/1998,22.32
12/24/1998,22.5
12/25/1998,22.5
12/28/1998,22.5
12/29/1998,22.68
12/30/1998,23
12/31/1998,23.163
1/1/99,23.163
1/4/99,22.9
1/5/99,22.91
1/6/99,23.095
1/7/99,23.7
1/8/99,23.2
1/11/99,22.956
1/12/99,22.7
1/13/1999,22.366
1/14/1999,22.15
1/15/1999,22.555
1/18/1999,22.85
1/19/1999,23.1
1/20/1999,22.85
1/21/1999,22.75
1/22/1999,22.7
1/25/1999,22.66
1/26/1999,22.66
1/27/1999,23.04
1/28/1999,23.55
1/29/1999,23.922
2/1/99,24.15
2/2/99,23.869
2/3/99,23.92
2/4/99,24.06
2/5/99,24.099
2/8/99,24.294
2/9/99,24.5
2/10/99,24.81
2/11/99,24.97
2/12/99,25.2
2/15/1999,25.38
2/16/1999,24.707
2/17/1999,24.71
2/18/1999,24.51
2/19/1999,24.454
2/22/1999,24.29
2/23/1999,24.59
2/24/1999,24.841
2/25/1999,24.49
2/26/1999,24.2
3/1/99,24.45
3/2/99,24.55
3/3/99,24.8
3/4/99,24.62
3/5/99,24.58
3/8/99,24.88
3/9/99,24.86
3/10/99,25.3
3/11/99,25.76
3/12/99,26
3/15/1999,26.654
3/16/1999,25.78
3/17/1999,25.77
3/18/1999,25.98
3/19/1999,25.929
3/22/1999,26.27
3/23/1999,26.65
3/24/1999,26.151
3/25/1999,26.168
3/26/1999,26.251
3/29/1999,26.16
3/30/1999,26.3
3/31/1999,25.889
4/1/99,26.14
4/2/99,26.14
4/5/99,26.14
4/6/99,26.92
4/7/99,26.89
4/8/99,27.376
4/9/99,27.14
4/12/99,26.95
4/13/1999,27.339
4/14/1999,27.65
4/15/1999,28.05
4/16/1999,27.9
4/19/1999,28.3
4/20/1999,28.5
4/21/1999,28.115
4/22/1999,28.693
4/23/1999,28.4
4/26/1999,28.4
4/27/1999,28.1
4/28/1999,27.95
4/29/1999,27.95
4/30/1999,27.515
5/3/99,27.043
5/4/99,26.6
5/5/99,25.95
5/6/99,25.549
5/7/99,24.89
5/10/99,25.423
5/11/99,25.5
5/12/99,25.182
5/13/1999,25.112
5/14/1999,25.65
5/17/1999,24.7
5/18/1999,24.65
5/19/1999,24.6
5/20/1999,24.5
5/21/1999,24.65
5/24/1999,24.508
5/25/1999,24.125
5/26/1999,24.45
5/27/1999,24.72
5/28/1999,24.63
5/31/1999,25.15
6/1/99,25.645
6/2/99,25.28
6/3/99,25.17
6/4/99,24.86
6/7/99,25.26
6/8/99,25.22
6/9/99,25.423
6/10/99,25.131
6/11/99,24.2
6/14/1999,24.2
6/15/1999,23.95
6/16/1999,24.04
6/17/1999,24.95
6/18/1999,25.016
6/21/1999,25
6/22/1999,24.8
6/23/1999,24.607
6/24/1999,24.4
6/25/1999,24.25
6/28/1999,24.48
6/29/1999,24.24
6/30/1999,24.05
7/1/99,24.03
7/2/99,24.28
7/5/99,24.52
7/6/99,24.23
7/7/99,23.955
7/8/99,23.85
7/9/99,23.54
7/12/99,23.95
7/13/1999,24.35
7/14/1999,24.207
7/15/1999,24.12
7/16/1999,24.13
7/19/1999,24.41
7/20/1999,24.95
7/21/1999,25.091
7/22/1999,24.981
7/23/1999,24.704
7/26/1999,24.485
7/27/1999,24.75
7/28/1999,24.8
7/29/1999,24.4
7/30/1999,24.12
8/2/99,23.88
8/3/99,24.43
8/4/99,24.2
8/5/99,24.7
8/6/99,24.597
8/9/99,24.272
8/10/99,24.395
8/11/99,23.846
8/12/99,23.51
8/13/1999,23.335
8/16/1999,23.9
8/17/1999,24
8/18/1999,23.351
8/19/1999,23.85
8/20/1999,24.006
8/23/1999,24.436
8/24/1999,24.2
8/25/1999,24.44
8/26/1999,24.941
8/27/1999,24.86
8/30/1999,24.88
8/31/1999,24.656
9/1/99,24.82
9/2/99,24.75
9/3/99,24.36
9/6/99,24.6
9/7/99,24.28
9/8/99,24.149
9/9/99,23.85
9/10/99,23.832
9/13/1999,23.4
9/14/1999,23.7
9/15/1999,23.307
9/16/1999,23.1
9/17/1999,23.04
9/20/1999,22.883
9/21/1999,22.95
9/22/1999,23.19
9/23/1999,23.55
9/24/1999,23.097
9/27/1999,23.705
9/28/1999,23.83
9/29/1999,23.7
9/30/1999,24.15
10/1/99,24.35
10/4/99,24
10/5/99,24.293
10/6/99,24.314
10/7/99,24.65
10/8/99,24.7
10/11/99,24.928
10/12/99,24.92
10/13/1999,24.528
10/14/1999,24.6
10/15/1999,24.6
10/18/1999,24.15
10/19/1999,24.06
10/20/1999,24.2
10/21/1999,24.178
10/22/1999,24.229
10/25/1999,24.543
10/26/1999,24.46
10/27/1999,24.63
10/28/1999,25.16
10/29/1999,25.7
11/1/99,25.89
11/2/99,26.3
11/3/99,26.7
11/4/99,26.78
11/5/99,26.516
11/8/99,26.5
11/9/99,26.734
11/10/99,27.35
11/11/99,27.32
11/12/99,26.912
11/15/1999,26.732
11/16/1999,26.51
11/17/1999,26.61
11/18/1999,26.74
11/19/1999,26.569
11/22/1999,26.55
11/23/1999,26.42
11/24/1999,26.392
11/25/1999,26.05
11/26/1999,26.21
11/29/1999,26.39
11/30/1999,25.94
12/1/99,26
12/2/99,26.18
12/3/99,26.01
12/6/99,25.75
12/7/99,25.66
12/8/99,25.9
12/9/99,26.05
12/10/99,25.72
12/13/1999,25.57
12/14/1999,25.503
12/15/1999,25.51
12/16/1999,25.49
12/17/1999,25.29
12/20/1999,25.44
12/21/1999,25.4
12/22/1999,25.65
12/23/1999,25.453
12/24/1999,25.65
12/27/1999,25.65
12/28/1999,25.65
12/29/1999,25.95
12/30/1999,26.23
12/31/1999,26.23
1/3/00,26.23
1/4/00,25.93
1/5/00,25.35
1/6/00,24.85
1/7/00,25.1
1/10/00,25.7
1/11/00,25.285
1/12/00,25.45
1/13/2000,25.25
1/14/2000,25.583
1/17/2000,25.89
1/18/2000,25.814
1/19/2000,25.3
1/20/2000,25.6
1/21/2000,25.53
1/24/2000,25.6
1/25/2000,25.45
1/26/2000,25.45
1/27/2000,25.87
1/28/2000,26.26
1/31/2000,26.1
2/1/00,25.666
2/2/00,25.654
2/3/00,25.2
2/4/00,25.56
2/7/00,25.67
2/8/00,25.546
2/9/00,25.8
2/10/00,26.147
2/11/00,26.506
2/14/2000,26.606
2/15/2000,27.15
2/16/2000,26.88
2/17/2000,26.1
2/18/2000,26.165
2/21/2000,25.81
2/22/2000,26.064
2/23/2000,26.18
2/24/2000,26.008
2/25/2000,25.97
2/28/2000,25.235
2/29/2000,24.992
3/1/00,25.8
3/2/00,25.65
3/3/00,25.241
3/6/00,25
3/7/00,24.7
3/8/00,24.7
3/9/00,24.7
3/10/00,23
3/13/2000,23.12
3/14/2000,23.1
3/15/2000,23.51
3/16/2000,23.303
3/17/2000,23
3/20/2000,22.99
3/21/2000,22.67
3/22/2000,22.66
3/23/2000,22.55
3/24/2000,22.629
3/27/2000,22.724
3/28/2000,22.75
3/29/2000,22.7
3/30/2000,22.656
3/31/2000,22.54
4/3/00,23.002
4/4/00,23.66
4/5/00,24.28
4/6/00,24.08
4/7/00,23.77
4/10/00,23.45
4/11/00,23.8
4/12/00,24.274
4/13/2000,24.97
4/14/2000,25.6
4/17/2000,24.895
4/18/2000,25.874
4/19/2000,26.15
4/20/2000,26.071
4/21/2000,26.071
4/24/2000,26.071
4/25/2000,26.071
4/26/2000,26.6
4/27/2000,26.51
4/28/2000,26.08
5/1/00,26.073
5/2/00,26
5/3/00,25.7
5/4/00,25.6
5/5/00,26.302
5/8/00,26.431
5/9/00,27.35
5/10/00,27.287
5/11/00,26.8
5/12/00,26.6
5/15/2000,26.75
5/16/2000,26.85
5/17/2000,27.1
5/18/2000,27.35
5/19/2000,27.744
5/22/2000,27.95
5/23/2000,27.891
5/24/2000,27.9
5/25/2000,27.35
5/26/2000,27.45
5/29/2000,27.95
5/30/2000,27.844
5/31/2000,27.881
6/1/00,27.129
6/2/00,27.08
6/5/00,27.14
6/6/00,27.5
6/7/00,27.25
6/8/00,26.95
6/9/00,26.7
6/12/00,26.7
6/13/2000,26.54
6/14/2000,26.18
6/15/2000,26.605
6/16/2000,26.8
6/19/2000,26.6
6/20/2000,26.92
6/21/2000,26.943
6/22/2000,26.58
6/23/2000,26.649
6/26/2000,27.15
6/27/2000,27.442
6/28/2000,27.5
6/29/2000,27.3
6/30/2000,27.69
7/3/00,27.19
7/4/00,27.47
7/5/00,27.6
7/6/00,27.36
7/7/00,27.166
7/10/00,27.5
7/11/00,27.65
7/12/00,27.62
7/13/2000,27.75
7/14/2000,27.595
7/17/2000,27.85
7/18/2000,27.815
7/19/2000,27.7
7/20/2000,27.852
7/21/2000,28.02
7/24/2000,27.99
7/25/2000,28.14
7/26/2000,28.07
7/27/2000,27.97
7/28/2000,27.989
7/31/2000,27.796
8/1/00,27.8
8/2/00,27.82
8/3/00,27.73
8/4/00,27.5
8/7/00,27.85
8/8/00,27.653
8/9/00,27.85
8/10/00,28.065
8/11/00,28.01
8/14/2000,27.91
8/15/2000,27.95
8/16/2000,27.896
8/17/2000,28.155
8/18/2000,28.065
8/21/2000,28.1
8/22/2000,28.73
8/23/2000,28.912
8/24/2000,29.4
8/25/2000,29.84
8/28/2000,29.65
8/29/2000,29.55
8/30/2000,28.787
8/31/2000,27.683
9/1/00,27.9
9/4/00,27.17
9/5/00,27.1
9/6/00,26.76
9/7/00,26.86
9/8/00,27.109
9/11/00,26.98
9/12/00,27.36
9/13/2000,27.643
9/14/2000,27.492
9/15/2000,27.01
9/18/2000,26.5
9/19/2000,26.25
9/20/2000,26.66
9/21/2000,26.97
9/22/2000,26.75
9/25/2000,26.969
9/26/2000,27.175
9/27/2000,27.225
9/28/2000,27.45
9/29/2000,27.6
10/2/00,27.75
10/3/00,28.04
10/4/00,28.219
10/5/00,28.04
10/6/00,27.796
10/9/00,27.564
10/10/00,27.44
10/11/00,27.9
10/12/00,28.2
10/13/2000,28.138
10/16/2000,28.28
10/17/2000,28.453
10/18/2000,28.458
10/19/2000,28.45
10/20/2000,28.518
10/23/2000,28.8
10/24/2000,28.873
10/25/2000,29.15
10/26/2000,29.1
10/27/2000,28.694
10/30/2000,28.58
10/31/2000,28.709
11/1/00,29.314
11/2/00,29.306
11/3/00,29.58
11/6/00,29.854
11/7/00,30
11/8/00,29.89
11/9/00,30.2
11/10/00,29.99
11/13/2000,29.88
11/14/2000,29.83
11/15/2000,29.84
11/16/2000,29.8
11/17/2000,30.18
11/20/2000,30.9
11/21/2000,30.57
11/22/2000,30.609
11/23/2000,31.3
11/24/2000,30.85
11/27/2000,31.14
11/28/2000,31.3
11/29/2000,31.715
11/30/2000,31.693
12/1/00,31.861
12/4/00,32.084
12/5/00,31.785
12/6/00,31.65
12/7/00,31.35
12/8/00,31.68
12/11/00,31.86
12/12/00,31.485
12/13/2000,30.86
12/14/2000,30.265
12/15/2000,30.239
12/18/2000,30.27
12/19/2000,30.593
12/20/2000,30.77
12/21/2000,30.57
12/22/2000,31.7
12/25/2000,31.7
12/26/2000,31.7
12/27/2000,31.85
12/28/2000,31.5
12/29/2000,30.904
1/1/01,30.904
1/2/01,31.851
1/3/01,31.774
1/4/01,31.594
1/5/01,31.45
1/8/01,31.275
1/9/01,31.09
1/10/01,30.6
1/11/01,30.4
1/12/01,30.75
1/15/2001,30.88
1/16/2001,30.28
1/17/2001,30.119
1/18/2001,30.26
1/19/2001,30.5
1/22/2001,30.765
1/23/2001,30.79
1/24/2001,31
1/25/2001,31.4
1/26/2001,31.4
1/29/2001,31.843
1/30/2001,32.07
1/31/2001,32
2/1/01,31.954
2/2/01,32.01
2/5/01,31.62
2/6/01,31.702
2/7/01,31.197
2/8/01,31.1
2/9/01,30.77
2/12/01,30.6
2/13/2001,30
2/14/2001,29.572
2/15/2001,29.55
2/16/2001,29.61
2/19/2001,29
2/20/2001,29.2
2/21/2001,29.67
2/22/2001,29.607
2/23/2001,29.761
2/26/2001,30.37
2/27/2001,30.101
2/28/2001,30.19
3/1/01,30.995
3/2/01,31.2
3/5/01,31.65
3/6/01,31.267
3/7/01,31.39
3/8/01,30.85
3/9/01,30.99
3/12/01,30.79
3/13/2001,30.162
3/14/2001,30.34
3/15/2001,30.274
3/16/2001,30.048
3/19/2001,29.5
3/20/2001,29.656
3/21/2001,29.25
3/22/2001,28.4
3/23/2001,27.6
3/26/2001,27.61
3/27/2001,27.666
3/28/2001,28.3
3/29/2001,28.868
3/30/2001,28.6
4/2/01,28.78
4/3/01,29.18
4/4/01,29.3
4/5/01,29.29
4/6/01,28.84
4/9/01,28.119
4/10/01,28.2
4/11/01,28.39
4/12/01,28.8
4/13/2001,28.8
4/16/2001,28.8
4/17/2001,28.549
4/18/2001,28.51
4/19/2001,29.1
4/20/2001,29.081
4/23/2001,29.35
4/24/2001,29.502
4/25/2001,29.502
4/26/2001,29.48
4/27/2001,28.864
4/30/2001,28.84
5/1/01,28.35
5/2/01,28.52
5/3/01,28.881
5/4/01,28.8
5/7/01,28.76
5/8/01,28.49
5/9/01,28.785
5/10/01,29.5
5/11/01,29.93
5/14/2001,30.14
5/15/2001,30.25
5/16/2001,30.24
5/17/2001,30.41
5/18/2001,30.217
5/21/2001,30.72
5/22/2001,30.86
5/23/2001,30.924
5/24/2001,31.1
5/25/2001,30.943
5/28/2001,31.13
5/29/2001,31.12
5/30/2001,31.08
5/31/2001,31.2
6/1/01,31.63
6/4/01,31.68
6/5/01,31.2
6/6/01,31.02
6/7/01,31.55
6/8/01,31.98
6/11/01,31.98
6/12/01,32.8
6/13/2001,33.05
6/14/2001,32.609
6/15/2001,32.641
6/18/2001,31.959
6/19/2001,32.295
6/20/2001,32.79
6/21/2001,32.68
6/22/2001,32.84
6/25/2001,33.18
6/26/2001,33.6
6/27/2001,33.24
6/28/2001,33.15
6/29/2001,34.15
7/2/01,32.61
7/3/01,32.16
7/4/01,32.282
7/5/01,31.26
7/6/01,31.35
7/9/01,30.95
7/10/01,31.16
7/11/01,31.091
7/12/01,31.3
7/13/2001,31.17
7/16/2001,31.562
7/17/2001,31.47
7/18/2001,31.394
7/19/2001,31.87
7/20/2001,31.44
7/23/2001,31.58
7/24/2001,31.2
7/25/2001,31.05
7/26/2001,30.372
7/27/2001,29.74
7/30/2001,29.86
7/31/2001,29.5
8/1/01,30.37
8/2/01,30.512
8/3/01,29.87
8/6/01,30.42
8/7/01,30.563
8/8/01,30.436
8/9/01,30.902
8/10/01,30.77
8/13/2001,30.285
8/14/2001,30.7
8/15/2001,31.1
8/16/2001,31.35
8/17/2001,31.416
8/20/2001,31.5
8/21/2001,31.6
8/22/2001,30.8
8/23/2001,30.05
8/24/2001,30.4
8/27/2001,30.05
8/28/2001,30.5
8/29/2001,30.62
8/30/2001,30.04
8/31/2001,29.346
9/3/01,29.5
9/4/01,29.817
9/5/01,29.49
9/6/01,29.259
9/7/01,28.611
9/10/01,29.44
9/11/01,29.22
9/12/01,28.218
9/13/2001,28.2
9/14/2001,27.379
9/17/2001,26.4
9/18/2001,27
9/19/2001,26.79
9/20/2001,25.9
9/21/2001,25.548
9/24/2001,25.14
9/25/2001,25.49
9/26/2001,26.16
9/27/2001,25.99
9/28/2001,26.1
10/1/01,27
10/2/01,27.85
10/3/01,27.68
10/4/01,27.6
10/5/01,27.89
10/8/01,27.29
10/9/01,26.944
10/10/01,27.05
10/11/01,27.6
10/12/01,27.967
10/15/2001,27.96
10/16/2001,27.73
10/17/2001,28.45
10/18/2001,27.85
10/19/2001,27.42
10/22/2001,27.705
10/23/2001,27.97
10/24/2001,28.6
10/25/2001,29.033
10/26/2001,29.002
10/29/2001,29.15
10/30/2001,29.39
10/31/2001,29.8
11/1/01,29.82
11/2/01,29.85
11/5/01,30.342
11/6/01,31.15
11/7/01,30.3
11/8/01,31.008
11/9/01,30.9
11/12/01,31.042
11/13/2001,30.62
11/14/2001,30.57
11/15/2001,29.93
11/16/2001,29.664
11/19/2001,29.4
11/20/2001,29.49
11/21/2001,29.391
11/22/2001,29.25
11/23/2001,29.22
11/26/2001,29.6
11/27/2001,29.61
11/28/2001,29.265
11/29/2001,29
11/30/2001,28.6
12/3/01,28.15
12/4/01,28.22
12/5/01,28.52
12/6/01,28.284
12/7/01,28.3
12/10/01,28.318
12/11/01,28.294
12/12/01,28.11
12/13/2001,28.037
12/14/2001,28.207
12/17/2001,28.59
12/18/2001,28.67
12/19/2001,28.72
12/20/2001,28.93
12/21/2001,29.62
12/24/2001,29.92
12/25/2001,29.92
12/26/2001,29.92
12/27/2001,30.008
12/28/2001,30.18
12/31/2001,29.94
1/1/02,29.94
1/2/02,30.09
1/3/02,29.98
1/4/02,29.98
1/7/02,30.057
1/8/02,29.99
1/9/02,29.7
1/10/02,29.528
1/11/02,30.21
1/14/2002,30.48
1/15/2002,30.619
1/16/2002,31.26
1/17/2002,31.15
1/18/2002,31.1
1/21/2002,31.404
1/22/2002,31.81
1/23/2002,31.824
1/24/2002,31.73
1/25/2002,32.081
1/28/2002,32.081
1/29/2002,32.89
1/30/2002,32.825
1/31/2002,32.74
2/1/02,32.8
2/4/02,33.381
2/5/02,32.77
2/6/02,31.96
2/7/02,31.82
2/8/02,32.35
2/11/02,32.21
2/12/02,32.14
2/13/2002,32.84
2/14/2002,33.64
2/15/2002,33.17
2/18/2002,32.65
2/19/2002,32.372
2/20/2002,32.07
2/21/2002,32.03
2/22/2002,32.281
2/25/2002,32.197
2/26/2002,31.99
2/27/2002,31.891
2/28/2002,32.358
3/1/02,32.309
3/4/02,32.05
3/5/02,31.6
3/6/02,31.2
3/7/02,31.8
3/8/02,31.664
3/11/02,31.1
3/12/02,30.73
3/13/2002,31.158
3/14/2002,31.393
3/15/2002,30.909
3/18/2002,31.71
3/19/2002,32.15
3/20/2002,32.12
3/21/2002,31.74
3/22/2002,31.85
3/25/2002,31.7
3/26/2002,31.38
3/27/2002,31.76
3/28/2002,32.04
3/29/2002,32.04
4/1/02,32.04
4/2/02,31.44
4/3/02,31.28
4/4/02,31.43
4/5/02,31.69
4/8/02,31.6
4/9/02,31.5
4/10/02,31.68
4/11/02,31.25
4/12/02,31.2
4/15/2002,31.56
4/16/2002,31.93
4/17/2002,32.12
4/18/2002,32.12
4/19/2002,32.22
4/22/2002,32.06
4/23/2002,32.41
4/24/2002,32.49
4/25/2002,32.49
4/26/2002,32.87
4/29/2002,32.68
4/30/2002,32.85
5/1/02,33.16
5/2/02,33.35
5/3/02,33.6
5/6/02,33.56
5/7/02,33.75
5/8/02,33.66
5/9/02,32.95
5/10/02,32.85
5/13/2002,32.59
5/14/2002,32.6
5/15/2002,32.51
5/16/2002,32.3
5/17/2002,32.38
5/20/2002,32.62
5/21/2002,32.24
5/22/2002,32.26
5/23/2002,32.45
5/24/2002,32.7
5/27/2002,32.64
5/28/2002,33.07
5/29/2002,33.41
5/30/2002,33.6
5/31/2002,33.5
6/3/02,33.85
6/4/02,33.81
6/5/02,33.63
6/6/02,33.63
6/7/02,34.05
6/10/02,34.05
6/11/02,34.71
6/12/02,34.76
6/13/2002,34.38
6/14/2002,34.25
6/17/2002,34.3
6/18/2002,34.09
6/19/2002,33.97
6/20/2002,33.81
6/21/2002,33.59
6/24/2002,33.74
6/25/2002,33.56
6/26/2002,32.91
6/27/2002,33.02
6/28/2002,32.93
7/1/02,32.11
7/2/02,31.98
7/3/02,31.66
7/4/02,31.4
7/5/02,31.7
7/8/02,31.88
7/9/02,32.16
7/10/02,31.96
7/11/02,31.79
7/12/02,31.63
7/15/2002,31.31
7/16/2002,31.47
7/17/2002,31
7/18/2002,31.16
7/19/2002,30.33
7/22/2002,30.01
7/23/2002,30.36
7/24/2002,29.5
7/25/2002,29.8
7/26/2002,29.1
7/29/2002,30.05
7/30/2002,30.66
7/31/2002,31.17
8/1/02,31.1
8/2/02,30.68
8/5/02,30.3
8/6/02,30.1
8/7/02,31.32
8/8/02,31.31
8/9/02,31.28
8/12/02,31.42
8/13/2002,31.94
8/14/2002,31.85
8/15/2002,32.23
8/16/2002,32.06
8/19/2002,31.76
8/20/2002,31.69
8/21/2002,32.01
8/22/2002,32.25
8/23/2002,32.17
8/26/2002,31.44
8/27/2002,30.94
8/28/2002,30.7
8/29/2002,31.01
8/30/2002,30.87
9/2/02,31.42
9/3/02,31.76
9/4/02,31.56
9/5/02,32.02
9/6/02,32.07
9/9/02,32.28
9/10/02,32.05
9/11/02,32.36
9/12/02,32.05
9/13/2002,31.83
9/16/2002,31.84
9/17/2002,32.26
9/18/2002,31.94
9/19/2002,31.95
9/20/2002,31.7
9/23/2002,31.9
9/24/2002,31.7
9/25/2002,31.45
9/26/2002,31.03
9/27/2002,30.55
9/30/2002,30.14
10/1/02,30.2
10/2/02,30.42
10/3/02,30.5
10/4/02,30.25
10/7/02,29.49
10/8/02,29.31
10/9/02,28.7
10/10/02,28.04
10/11/02,28.42
10/14/2002,28.9
10/15/2002,29.65
10/16/2002,29.51
10/17/2002,29.05
10/18/2002,29.35
10/21/2002,29.44
10/22/2002,29.75
10/23/2002,30.11
10/24/2002,29.98
10/25/2002,29.55
10/28/2002,29.81
10/29/2002,29.4
10/30/2002,29.71
10/31/2002,30.4
11/1/02,28.86
11/4/02,28.8
11/5/02,28.39
11/6/02,28.37
11/7/02,27.67
11/8/02,27.3
11/11/02,26.56
11/12/02,27.39
11/13/2002,27.2
11/14/2002,27.1
11/15/2002,27.39
11/18/2002,27.05
11/19/2002,26.86
11/20/2002,27.12
11/21/2002,27.35
11/22/2002,27.84
11/25/2002,27.97
11/26/2002,27.42
11/27/2002,27.13
11/28/2002,27.15
11/29/2002,27.15
12/2/02,27.18
12/3/02,27.17
12/4/02,27.42
12/5/02,27.64
12/6/02,27.4
12/9/02,27.21
12/10/02,27.03
12/11/02,27
12/12/02,27.38
12/13/2002,27.5
12/16/2002,27.15
12/17/2002,27.22
12/18/2002,27
12/19/2002,27.03
12/20/2002,27.25
12/23/2002,27.34
12/24/2002,27.48
12/25/2002,27.48
12/26/2002,27.48
12/27/2002,27.47
12/30/2002,27.12
12/31/2002,27
1/1/03,27
1/2/03,27.34
1/3/03,27.55
1/6/03,27.84
1/7/03,27.75
1/8/03,27.78
1/9/03,27.55
1/10/03,27.5
1/13/2003,27.62
1/14/2003,27.65
1/15/2003,27.62
1/16/2003,27.45
1/17/2003,27.41
1/20/2003,27.51
1/21/2003,27.46
1/22/2003,27.05
1/23/2003,26.71
1/24/2003,26.77
1/27/2003,26.77
1/28/2003,26.05
1/29/2003,25.75
1/30/2003,26.02
1/31/2003,25.91
2/3/03,26.57
2/4/03,26.38
2/5/03,26.15
2/6/03,25.97
2/7/03,26.47
2/10/03,26.25
2/11/03,25.89
2/12/03,25.91
2/13/2003,25.36
2/14/2003,25.15
2/17/2003,24.58
2/18/2003,24.49
2/19/2003,24.31
2/20/2003,24.8
2/21/2003,24.65
2/24/2003,25.17
2/25/2003,24.7
2/26/2003,24.89
2/27/2003,24.42
2/28/2003,24.54
3/3/03,24.95
3/4/03,24.88
3/5/03,24.69
3/6/03,24.76
3/7/03,24.4
3/10/03,24.18
3/11/03,23.99
3/12/03,23.5
3/13/2003,23.2
3/14/2003,23.66
3/17/2003,23.46
3/18/2003,24.55
3/19/2003,24.91
3/20/2003,25.1
3/21/2003,25.03
3/24/2003,25.01
3/25/2003,25.21
3/26/2003,25.57
3/27/2003,25.89
3/28/2003,25.99
3/31/2003,26.05
4/1/03,26.33
4/2/03,26.22
4/3/03,26.24
4/4/03,26.5
4/7/03,26.89
4/8/03,26.7
4/9/03,26.25
4/10/03,26.53
4/11/03,26.7
4/14/2003,26.4
4/15/2003,26.69
4/16/2003,26.93
4/17/2003,26.62
4/18/2003,26.62
4/21/2003,26.62
4/22/2003,26.99
4/23/2003,27.45
4/24/2003,27.86
4/25/2003,27.86
4/28/2003,27.25
4/29/2003,27.45
4/30/2003,27.22
5/1/03,27.24
5/2/03,26.85
5/5/03,27.41
5/6/03,27.35
5/7/03,27.33
5/8/03,27
5/9/03,26.95
5/12/03,27.17
5/13/2003,27.38
5/14/2003,27.27
5/15/2003,27.08
5/16/2003,26.82
5/19/2003,26.5
5/20/2003,26.66
5/21/2003,26.85
5/22/2003,27.15
5/23/2003,27.56
5/26/2003,27.6
5/27/2003,27.48
5/28/2003,27.73
5/29/2003,28
5/30/2003,28.24
6/2/03,28.78
6/3/03,28.6
6/4/03,28.78
6/5/03,28.97
6/6/03,29.35
6/9/03,29.35
6/10/03,29.5
6/11/03,29.86
6/12/03,29.8
6/13/2003,29.54
6/16/2003,29.88
6/17/2003,29.96
6/18/2003,30.06
6/19/2003,30.38
6/20/2003,30.36
6/23/2003,30.52
6/24/2003,30.41
6/25/2003,30.42
6/26/2003,29.85
6/27/2003,29.82
6/30/2003,29.55
7/1/03,29.9
7/2/03,30.01
7/3/03,30.16
7/4/03,29.81
7/7/03,29.85
7/8/03,29.55
7/9/03,29.11
7/10/03,29.33
7/11/03,29.48
7/14/2003,29.54
7/15/2003,29.8
7/16/2003,29.94
7/17/2003,29.98
7/18/2003,29.86
7/21/2003,30
7/22/2003,29.82
7/23/2003,29.77
7/24/2003,29.75
7/25/2003,29.65
7/28/2003,29.88
7/29/2003,29.63
7/30/2003,29.44
7/31/2003,29.85
8/1/03,29.91
8/4/03,29.85
8/5/03,29.91
8/6/03,29.82
8/7/03,29.85
8/8/03,29.94
8/11/03,29.91
8/12/03,29.85
8/13/2003,29.85
8/14/2003,29.69
8/15/2003,29.65
8/18/2003,29.74
8/19/2003,29.61
8/20/2003,29.8
8/21/2003,29.64
8/22/2003,29.69
8/25/2003,29.6
8/26/2003,28.54
8/27/2003,28.43
8/28/2003,28.3
8/29/2003,28.05
9/1/03,27.48
9/2/03,27.8
9/3/03,27.6
9/4/03,27.72
9/5/03,27.8
9/8/03,28.22
9/9/03,28.29
9/10/03,28.15
9/11/03,28.37
9/12/03,28.64
9/15/2003,28.8
9/16/2003,28.8
9/17/2003,28.7
9/18/2003,28.96
9/19/2003,27.8
9/22/2003,27.87
9/23/2003,27.88
9/24/2003,28.1
9/25/2003,27.93
9/26/2003,28.1
9/29/2003,27.9
9/30/2003,27.7
10/1/03,27.78
10/2/03,28.08
10/3/03,27.95
10/6/03,27.85
10/7/03,27.86
10/8/03,28.26
10/9/03,28.45
10/10/03,28.3
10/13/2003,28.33
10/14/2003,28.21
10/15/2003,28.2
10/16/2003,27.9
10/17/2003,28.06
10/20/2003,27.97
10/21/2003,28.01
10/22/2003,27.94
10/23/2003,27.85
10/24/2003,27.72
10/27/2003,27.5
10/28/2003,27.3
10/29/2003,27.54
10/30/2003,27.7
10/31/2003,27.5
11/3/03,27.64
11/4/03,27.91
11/5/03,27.7
11/6/03,27.54
11/7/03,27.58
11/10/03,27.4
11/11/03,27.14
11/12/03,27.5
11/13/2003,27.71
11/14/2003,27.63
11/17/2003,27.58
11/18/2003,27.6
11/19/2003,27.8
11/20/2003,27.92
11/21/2003,27.85
11/24/2003,27.9
11/25/2003,27.95
11/26/2003,28.06
11/27/2003,27.95
11/28/2003,27.6
12/1/03,27.27
12/2/03,27.2
12/3/03,27.66
12/4/03,27.92
12/5/03,28.07
12/8/03,28.26
12/9/03,28.42
12/10/03,28.41
12/11/03,28.18
12/12/03,28.35
12/15/2003,28.5
12/16/2003,28.5
12/17/2003,28.78
12/18/2003,28.7
12/19/2003,28.79
12/22/2003,28.83
12/23/2003,28.91
12/24/2003,29.16
12/25/2003,29.16
12/26/2003,29.16
12/29/2003,29.39
12/30/2003,29.45
12/31/2003,29.45
1/1/04,29.45
1/2/04,29.52
1/5/04,29.28
1/6/04,29.5
1/7/04,29.76
1/8/04,30.24
1/9/04,30.5
1/12/04,30.55
1/13/2004,30.8
1/14/2004,30.94
1/15/2004,30.89
1/16/2004,30.63
1/19/2004,30.57
1/20/2004,30.45
1/21/2004,30.61
1/22/2004,30.9
1/23/2004,30.93
1/26/2004,30.93
1/27/2004,30.63
1/28/2004,30.3
1/29/2004,30.29
1/30/2004,30.51
2/2/04,30.37
2/3/04,30.44
2/4/04,30.41
2/5/04,30.4
2/6/04,30.59
2/9/04,30.87
2/10/04,30.97
2/11/04,31.69
2/12/04,32.21
2/13/2004,32.2
2/16/2004,31.27
2/17/2004,31.41
2/18/2004,31.59
2/19/2004,31.6
2/20/2004,31.59
2/23/2004,31.37
2/24/2004,31.18
2/25/2004,31.4
2/26/2004,31.4
2/27/2004,31.68
3/1/04,31.92
3/2/04,32
3/3/04,31.72
3/4/04,31.77
3/5/04,31.84
3/8/04,31.92
3/9/04,32.4
3/10/04,32.4
3/11/04,32.55
3/12/04,32.55
3/15/2004,32.46
3/16/2004,32.6
3/17/2004,33.14
3/18/2004,32.85
3/19/2004,32.7
3/22/2004,32.43
3/23/2004,32.34
3/24/2004,32.5
3/25/2004,33
3/26/2004,33.22
3/29/2004,33.01
3/30/2004,33.25
3/31/2004,33.3
4/1/04,33.51
4/2/04,33.05
4/5/04,32.65
4/6/04,32.75
4/7/04,32.54
4/8/04,32.45
4/9/04,32.45
4/12/04,32.45
4/13/2004,32.38
4/14/2004,32.13
4/15/2004,32.04
4/16/2004,31.72
4/19/2004,31.69
4/20/2004,32.1
4/21/2004,32.12
4/22/2004,31.77
4/23/2004,31.8
4/26/2004,31.76
4/27/2004,31.55
4/28/2004,31.37
4/29/2004,31.35
4/30/2004,31.25
5/3/04,31.46
5/4/04,31.35
5/5/04,31.38
5/6/04,31.12
5/7/04,30.95
5/10/04,30.8
5/11/04,31
5/12/04,31.36
5/13/2004,31.2
5/14/2004,30.82
5/17/2004,30.89
5/18/2004,31.13
5/19/2004,31.56
5/20/2004,31.85
5/21/2004,32.23
5/24/2004,32.56
5/25/2004,32.5
5/26/2004,32.7
5/27/2004,32.9
5/28/2004,32.88
5/31/2004,32.55
6/1/04,32.71
6/2/04,32.92
6/3/04,32.96
6/4/04,33
6/7/04,33.35
6/8/04,32.9
6/9/04,32.71
6/10/04,32.58
6/11/04,32.79
6/14/2004,32.79
6/15/2004,32.65
6/16/2004,32.6
6/17/2004,32.55
6/18/2004,32.79
6/21/2004,33.04
6/22/2004,33.06
6/23/2004,32.96
6/24/2004,33.26
6/25/2004,32.99
6/28/2004,32.62
6/29/2004,32.68
6/30/2004,32.58
7/1/04,32.22
7/2/04,32.16
7/5/04,32.19
7/6/04,32.23
7/7/04,32.19
7/8/04,32.46
7/9/04,32.71
7/12/04,32.85
7/13/2004,32.63
7/14/2004,32.6
7/15/2004,32.15
7/16/2004,31.97
7/19/2004,31.84
7/20/2004,31.35
7/21/2004,31.3
7/22/2004,30.92
7/23/2004,30.85
7/26/2004,31.3
7/27/2004,31.1
7/28/2004,31
7/29/2004,31.15
7/30/2004,31.22
8/2/04,31.41
8/3/04,31.65
8/4/04,31.62
8/5/04,31.4
8/6/04,31.39
8/9/04,31.09
8/10/04,30.94
8/11/04,31.04
8/12/04,30.91
8/13/2004,30.82
8/16/2004,29.49
8/17/2004,29.18
8/18/2004,28.87
8/19/2004,29.15
8/20/2004,29.4
8/23/2004,29.69
8/24/2004,29.82
8/25/2004,29.7
8/26/2004,29.95
8/27/2004,30.29
8/30/2004,30.29
8/31/2004,30.2
9/1/04,30.52
9/2/04,30.64
9/3/04,30.3
9/6/04,30.24
9/7/04,30.17
9/8/04,30.07
9/9/04,30.05
9/10/04,29.81
9/13/2004,29.93
9/14/2004,29.69
9/15/2004,29.36
9/16/2004,29.57
9/17/2004,29.51
9/20/2004,29.63
9/21/2004,29.78
9/22/2004,29.95
9/23/2004,30.01
9/24/2004,29.85
9/27/2004,29.68
9/28/2004,29.79
9/29/2004,29.78
9/30/2004,30.19
10/1/04,30.5
10/4/04,30.8
10/5/04,30.71
10/6/04,30.45
10/7/04,30.33
10/8/04,30.2
10/11/04,30.2
10/12/04,30.46
10/13/2004,30.75
10/14/2004,30.92
10/15/2004,31.09
10/18/2004,30.9
10/19/2004,31.25
10/20/2004,31.45
10/21/2004,31.43
10/22/2004,31.35
10/25/2004,30.87
10/26/2004,31.2
10/27/2004,31.61
10/28/2004,31.88
10/29/2004,32.1
11/1/04,32.18
11/2/04,31.94
11/3/04,32.09
11/4/04,31.85
11/5/04,31.88
11/8/04,31.8
11/9/04,31.8
11/10/04,31.77
11/11/04,31.73
11/12/04,31.61
11/15/2004,31.83
11/16/2004,31.92
11/17/2004,31.89
11/18/2004,32.19
11/19/2004,32.07
11/22/2004,31.74
11/23/2004,31.82
11/24/2004,31.88
11/25/2004,31.74
11/26/2004,31.68
11/29/2004,31.47
11/30/2004,31.41
12/1/04,31.21
12/2/04,31.23
12/3/04,31.58
12/6/04,31.43
12/7/04,31.36
12/8/04,31.26
12/9/04,31.23
12/10/04,31.15
12/13/2004,31.12
12/14/2004,31.17
12/15/2004,31.55
12/16/2004,31.74
12/17/2004,31.75
12/20/2004,31.85
12/21/2004,31.75
12/22/2004,31.75
12/23/2004,31.9
12/24/2004,32.07
12/27/2004,32.07
12/28/2004,32.07
12/29/2004,32.03
12/30/2004,32.11
12/31/2004,32.1
1/3/05,32.1
1/4/05,32.17
1/5/05,32.21
1/6/05,32.24
1/7/05,32.42
1/10/05,32.61
1/11/05,32.67
1/12/05,32.62
1/13/2005,32.44
1/14/2005,32.3
1/17/2005,32.41
1/18/2005,32.12
1/19/2005,32.06
1/20/2005,32.3
1/21/2005,32.6
1/24/2005,32.51
1/25/2005,32.56
1/26/2005,32.56
1/27/2005,33.16
1/28/2005,33.39
1/31/2005,33.52
2/1/05,33.7
2/2/05,33.98
2/3/05,34.19
2/4/05,34.35
2/7/05,34.75
2/8/05,34.43
2/9/05,35.76
2/10/05,37.09
2/11/05,36.6
2/14/2005,35.3
2/15/2005,35.63
2/16/2005,35.49
2/17/2005,35.1
2/18/2005,35.18
2/21/2005,35.74
2/22/2005,35.89
2/23/2005,35.63
2/24/2005,35.4
2/25/2005,35.95
2/28/2005,36.23
3/1/05,36.05
3/2/05,36.02
3/3/05,36
3/4/05,36.43
3/7/05,36.65
3/8/05,36.74
3/9/05,36.3
3/10/05,35.89
3/11/05,35.5
3/14/2005,35.75
3/15/2005,35.53
3/16/2005,35.86
3/17/2005,36.17
3/18/2005,35.9
3/21/2005,35.97
3/22/2005,35.88
3/23/2005,35.13
3/24/2005,34.96
3/25/2005,34.96
3/28/2005,34.96
3/29/2005,34.51
3/30/2005,34.94
3/31/2005,34.96
4/1/05,35.07
4/4/05,35.15
4/5/05,35.38
4/6/05,35.31
4/7/05,35.66
4/8/05,36.15
4/11/05,36.24
4/12/05,36.3
4/13/2005,36.1
4/14/2005,35.61
4/15/2005,35.47
4/18/2005,35.4
4/19/2005,35.58
4/20/2005,35.54
4/21/2005,35.74
4/22/2005,36.28
4/25/2005,36.28
4/26/2005,36.3
4/27/2005,36.4
4/28/2005,36.85
4/29/2005,36.34
5/2/05,36.33
5/3/05,36.41
5/4/05,36.2
5/5/05,36.25
5/6/05,36.62
5/9/05,36.7
5/10/05,36.8
5/11/05,36.46
5/12/05,36.76
5/13/2005,36.59
5/16/2005,36.12
5/17/2005,35.82
5/18/2005,35.96
5/19/2005,36.39
5/20/2005,36.82
5/23/2005,37.81
5/24/2005,37.16
5/25/2005,37.08
5/26/2005,37.48
5/27/2005,37.38
5/30/2005,37.53
5/31/2005,37.05
6/1/05,37.79
6/2/05,38.05
6/3/05,37.84
6/6/05,37.72
6/7/05,37.95
6/8/05,38.28
6/9/05,38.32
6/10/05,38.29
6/13/2005,38.29
6/14/2005,38.3
6/15/2005,37.95
6/16/2005,37.68
6/17/2005,37.83
6/20/2005,37.61
6/21/2005,37.73
6/22/2005,38.01
6/23/2005,38.38
6/24/2005,37.93
6/27/2005,37.68
6/28/2005,37.75
6/29/2005,37.55
6/30/2005,37.95
7/1/05,37.8
7/4/05,37.93
7/5/05,37.97
7/6/05,37.83
7/7/05,37.63
7/8/05,37.63
7/11/05,37.98
7/12/05,38
7/13/2005,38.34
7/14/2005,38.72
7/15/2005,38.8
7/18/2005,38.61
7/19/2005,38.57
7/20/2005,38.45
7/21/2005,38.7
7/22/2005,38.83
7/25/2005,38.93
7/26/2005,39.01
7/27/2005,39.18
7/28/2005,39.01
7/29/2005,39.06
8/1/05,38.92
8/2/05,38.82
8/3/05,38.65
8/4/05,38.65
8/5/05,38.7
8/8/05,39.38
8/9/05,39.48
8/10/05,38.65
8/11/05,38.5
8/12/05,38.28
8/15/2005,36.85
8/16/2005,37.41
8/17/2005,37.59
8/18/2005,37.27
8/19/2005,37.14
8/22/2005,37.28
8/23/2005,37.15
8/24/2005,36.75
8/25/2005,36.83
8/26/2005,37.38
8/29/2005,36.98
8/30/2005,37.13
8/31/2005,37.4
9/1/05,37.7
9/2/05,37.35
9/5/05,37.48
9/6/05,37.62
9/7/05,37.74
9/8/05,37.74
9/9/05,37.63
9/12/05,37.5
9/13/2005,37.5
9/14/2005,37.82
9/15/2005,37.74
9/16/2005,37.89
9/19/2005,37.75
9/20/2005,38.01
9/21/2005,38.1
9/22/2005,38.15
9/23/2005,38.1
9/26/2005,38.45
9/27/2005,38.6
9/28/2005,38.53
9/29/2005,38.75
9/30/2005,38.41
10/3/05,38.35
10/4/05,38.7
10/5/05,38.32
10/6/05,38.04
10/7/05,37.64
10/10/05,37.41
10/11/05,37
10/12/05,37.45
10/13/2005,37.4
10/14/2005,37.5
10/17/2005,37.75
10/18/2005,38.08
10/19/2005,37.48
10/20/2005,37.7
10/21/2005,37.89
10/24/2005,38.05
10/25/2005,38.25
10/26/2005,38.46
10/27/2005,38.54
10/28/2005,38.5
10/31/2005,38.88
11/1/05,39.25
11/2/05,39.33
11/3/05,39.83
11/4/05,39.8
11/7/05,39.73
11/8/05,40.39
11/9/05,40.53
11/10/05,40.35
11/11/05,41
11/14/2005,41.15
11/15/2005,41.59
11/16/2005,41.98
11/17/2005,41.7
11/18/2005,42
11/21/2005,41.64
11/22/2005,41.43
11/23/2005,41.5
11/24/2005,41.89
11/25/2005,41.95
11/28/2005,42
11/29/2005,41.83
11/30/2005,41.8
12/1/05,41.14
12/2/05,41.25
12/5/05,41.47
12/6/05,41.69
12/7/05,41.2
12/8/05,40.74
12/9/05,40.52
12/12/05,40.95
12/13/2005,40.91
12/14/2005,41.16
12/15/2005,41.4
12/16/2005,41.6
12/19/2005,41.61
12/20/2005,41.88
12/21/2005,42.4
12/22/2005,42.04
12/23/2005,42.42
12/26/2005,42.42
12/27/2005,42.42
12/28/2005,42.81
12/29/2005,42.9
12/30/2005,42.75
1/2/06,42.75
1/3/06,42.8
1/4/06,42.85
1/5/06,42.97
1/6/06,42.94
1/9/06,43.15
1/10/06,43.28
1/11/06,43.87
1/12/06,44.1
1/13/2006,44.13
1/16/2006,44.12
1/17/2006,44.17
1/18/2006,43.66
1/19/2006,43.81
1/20/2006,44
1/23/2006,43.48
1/24/2006,43.45
1/25/2006,43.79
1/26/2006,43.79
1/27/2006,43.98
1/30/2006,44.47
1/31/2006,44.65
2/1/06,44.5
2/2/06,44
2/3/06,43.88
2/6/06,44.13
2/7/06,43.9
2/8/06,43.63
2/9/06,43.58
2/10/06,43.6
2/13/2006,43.26
2/14/2006,43.82
2/15/2006,43.98
2/16/2006,44.13
2/17/2006,43.99
2/20/2006,43.54
2/21/2006,43.83
2/22/2006,43.82
2/23/2006,43.89
2/24/2006,44.16
2/27/2006,44.5
2/28/2006,44.85
3/1/06,43.71
3/2/06,44.27
3/3/06,44
3/6/06,43.7
3/7/06,43.45
3/8/06,43.7
3/9/06,43.65
3/10/06,43.65
3/13/2006,44.14
3/14/2006,44.12
3/15/2006,44.16
3/16/2006,44.47
3/17/2006,44.35
3/20/2006,44.49
3/21/2006,44.35
3/22/2006,44.55
3/23/2006,44.7
3/24/2006,45.13
3/27/2006,45.45
3/28/2006,45.32
3/29/2006,45.4
3/30/2006,45.5
3/31/2006,45.3
4/3/06,45.1
4/4/06,44.8
4/5/06,45.5
4/6/06,45.55
4/7/06,45.76
4/10/06,45.53
4/11/06,46
4/12/06,45.66
4/13/2006,45.5
4/14/2006,45.5
4/17/2006,45.5
4/18/2006,46.31
4/19/2006,46.5
4/20/2006,46.58
4/21/2006,46.47
4/24/2006,46.39
4/25/2006,46.39
4/26/2006,46.88
4/27/2006,46.9
4/28/2006,47
5/1/06,47.1
5/2/06,46.63
5/3/06,46.55
5/4/06,45.8
5/5/06,46.1
5/8/06,46.4
5/9/06,46.28
5/10/06,46.26
5/11/06,46.11
5/12/06,45.85
5/15/2006,45.51
5/16/2006,45.69
5/17/2006,45.6
5/18/2006,45.2
5/19/2006,44.99
5/22/2006,44.85
5/23/2006,44.55
5/24/2006,44.21
5/25/2006,43.99
5/26/2006,44.4
5/29/2006,44.52
5/30/2006,44.27
5/31/2006,43.18
6/1/06,43.88
6/2/06,44.1
6/5/06,44.1
6/6/06,43.12
6/7/06,43.07
6/8/06,42.1
6/9/06,43.09
6/12/06,43.09
6/13/2006,42.22
6/14/2006,42.3
6/15/2006,42
6/16/2006,42.45
6/19/2006,42
6/20/2006,41.4
6/21/2006,42.09
6/22/2006,43.29
6/23/2006,43.4
6/26/2006,43.2
6/27/2006,43.56
6/28/2006,43.29
6/29/2006,43.9
6/30/2006,44.41
7/3/06,44.76
7/4/06,44.85
7/5/06,45.03
7/6/06,45.35
7/7/06,45.15
7/10/06,45.55
7/11/06,45.2
7/12/06,44.9
7/13/2006,44.58
7/14/2006,43.58
7/17/2006,43.5
7/18/2006,43.3
7/19/2006,43.05
7/20/2006,44.15
7/21/2006,44.1
7/24/2006,44.21
7/25/2006,44.62
7/26/2006,44.25
7/27/2006,45.1
7/28/2006,44.65
7/31/2006,44.8
8/1/06,45.05
8/2/06,45.13
8/3/06,45.9
8/4/06,45.86
8/7/06,46.15
8/8/06,46.8
8/9/06,46.3
8/10/06,45.79
8/11/06,45.75
8/14/2006,44.57
8/15/2006,44.55
8/16/2006,44.93
8/17/2006,45.38
8/18/2006,45.35
8/21/2006,45.47
8/22/2006,45.44
8/23/2006,45.6
8/24/2006,44.51
8/25/2006,44.7
8/28/2006,44.65
8/29/2006,45.16
8/30/2006,45.41
8/31/2006,
9/1/06,
9/4/06,
9/5/06,